date,state,positive,negative,death,hospitalized,totalTestResults,FIPS
3/10/2020,AK,0,23,,,23,2
3/10/2020,AL,0,0,,,0,1
3/10/2020,AR,0,12,,,12,5
3/10/2020,AZ,6,51,,,57,4
3/10/2020,CA,133,690,,,823,6
3/10/2020,CO,12,142,,,154,8
3/10/2020,CT,2,54,,,56,9
3/10/2020,DC,5,17,,,22,11
3/10/2020,DE,0,17,,,17,10
3/10/2020,FL,19,222,,,241,12
3/10/2020,GA,17,,,,17,13
3/10/2020,HI,2,,,,2,15
3/10/2020,IA,8,32,,,40,19
3/10/2020,ID,0,41,,,41,16
3/10/2020,IL,19,244,,,263,17
3/10/2020,IN,6,30,,,36,18
3/10/2020,KS,1,17,,,18,20
3/10/2020,KY,6,28,,,34,21
3/10/2020,LA,1,11,,,12,22
3/10/2020,MA,92,,,,92,25
3/10/2020,MD,6,89,,,95,24
3/10/2020,ME,0,20,,,20,23
3/10/2020,MI,358,39,,,397,26
3/10/2020,MN,3,132,,,135,27
3/10/2020,MO,1,,,,1,29
3/10/2020,MS,0,,,,0,28
3/10/2020,MT,0,15,,,15,30
3/10/2020,NC,7,,,,7,37
3/10/2020,ND,0,6,,,6,38
3/10/2020,NE,3,47,,,50,31
3/10/2020,NH,4,38,,,42,33
3/10/2020,NJ,15,44,,,59,34
3/10/2020,NM,0,69,,,69,35
3/10/2020,NV,1,14,,,15,32
3/10/2020,NY,173,92,,,265,36
3/10/2020,OH,3,14,,,17,39
3/10/2020,OK,2,15,,,17,40
3/10/2020,OR,15,213,,,228,41
3/10/2020,PA,12,,,,12,42
3/10/2020,RI,3,58,,,61,44
3/10/2020,SC,7,24,,,31,45
3/10/2020,SD,0,11,,,11,46
3/10/2020,TN,7,,,,7,47
3/10/2020,TX,13,,,,13,48
3/10/2020,UT,2,,,,2,49
3/10/2020,VA,8,53,,,61,51
3/10/2020,VT,1,40,,,41,50
3/10/2020,WA,390,1110,37,,1500,53
3/10/2020,WI,2,36,,,38,55
3/10/2020,WV,0,2,,,2,54
3/10/2020,WY,0,0,,,0,56
3/11/2020,AK,0,46,,,46,2
3/11/2020,AL,0,10,,,10,1
3/11/2020,AR,0,12,,,12,5
3/11/2020,AZ,9,59,,,68,4
3/11/2020,CA,157,916,,,1073,6
3/11/2020,CO,28,251,,,279,8
3/11/2020,CT,3,71,,,74,9
3/11/2020,DC,5,20,,,25,11
3/11/2020,DE,1,17,,,18,10
3/11/2020,FL,28,301,2,,329,12
3/11/2020,GA,22,,,,22,13
3/11/2020,HI,2,,,,2,15
3/11/2020,IA,13,46,,,59,19
3/11/2020,ID,0,67,,,67,16
3/11/2020,IL,19,244,,,263,17
3/11/2020,IN,10,33,,,43,18
3/11/2020,KS,1,41,,,42,20
3/11/2020,KY,8,46,,,54,21
3/11/2020,LA,6,37,,,43,22
3/11/2020,MA,92,,,,92,25
3/11/2020,MD,9,94,,,103,24
3/11/2020,ME,0,42,,,42,23
3/11/2020,MI,497,57,,,554,26
3/11/2020,MN,5,217,,,222,27
3/11/2020,MO,1,,,,1,29
3/11/2020,MS,0,20,,,20,28
3/11/2020,MT,0,21,,,21,30
3/11/2020,NC,7,,,,7,37
3/11/2020,ND,0,7,,,7,38
3/11/2020,NE,5,47,,,52,31
3/11/2020,NH,4,38,,,42,33
3/11/2020,NJ,24,57,1,,81,34
3/11/2020,NM,3,87,,,90,35
3/11/2020,NV,5,168,,,173,32
3/11/2020,NY,216,92,,,308,36
3/11/2020,OH,4,21,,,25,39
3/11/2020,OK,2,15,,,17,40
3/11/2020,OR,19,286,,,305,41
3/11/2020,PA,16,88,,,104,42
3/11/2020,RI,5,94,,,99,44
3/11/2020,SC,9,32,,,41,45
3/11/2020,SD,5,13,,,18,46
3/11/2020,TN,7,50,,,57,47
3/11/2020,TX,21,,,,21,48
3/11/2020,UT,2,,,,2,49
3/11/2020,VA,9,60,,,69,51
3/11/2020,VT,1,62,,,63,50
3/11/2020,WA,474,2175,40,,2649,53
3/11/2020,WI,3,43,,,46,55
3/11/2020,WV,0,3,,,3,54
3/11/2020,WY,0,,,,0,56
3/12/2020,AK,0,46,,,46,2
3/12/2020,AL,0,10,,,10,1
3/12/2020,AR,6,24,,,30,5
3/12/2020,AZ,9,82,,,91,4
3/12/2020,CA,202,916,4,,1118,6
3/12/2020,CO,45,298,,,343,8
3/12/2020,CT,6,89,,,95,9
3/12/2020,DC,10,20,,,30,11
3/12/2020,DE,4,23,,,27,10
3/12/2020,FL,32,301,2,,333,12
3/12/2020,GA,31,,,,31,13
3/12/2020,HI,2,,,,2,15
3/12/2020,IA,14,67,,,81,19
3/12/2020,ID,0,93,,,93,16
3/12/2020,IL,25,266,,,291,17
3/12/2020,IN,12,52,,,64,18
3/12/2020,KS,4,41,,,45,20
3/12/2020,KY,8,56,,,64,21
3/12/2020,LA,14,37,,,51,22
3/12/2020,MA,95,,,,95,25
3/12/2020,MD,12,94,,,106,24
3/12/2020,ME,1,65,,,66,23
3/12/2020,MI,702,91,,,793,26
3/12/2020,MN,9,307,,,316,27
3/12/2020,MO,1,64,,,65,29
3/12/2020,MS,1,41,,,42,28
3/12/2020,MT,1,34,,,35,30
3/12/2020,NC,12,60,,,72,37
3/12/2020,ND,1,12,,,13,38
3/12/2020,NE,10,80,,,90,31
3/12/2020,NH,6,94,,,100,33
3/12/2020,NJ,30,74,1,,104,34
3/12/2020,NM,5,155,,,160,35
3/12/2020,NV,7,168,,,175,32
3/12/2020,NY,216,92,,,308,36
3/12/2020,OH,5,30,,,35,39
3/12/2020,OK,3,36,,,39,40
3/12/2020,OR,19,286,,,305,41
3/12/2020,PA,22,116,,,138,42
3/12/2020,RI,5,94,,,99,44
3/12/2020,SC,10,48,,,58,45
3/12/2020,SD,8,27,,,35,46
3/12/2020,TN,18,79,,,97,47
3/12/2020,TX,23,,,,23,48
3/12/2020,UT,4,131,,,135,49
3/12/2020,VA,17,117,,,134,51
3/12/2020,VT,2,97,,,99,50
3/12/2020,WA,543,3037,44,,3580,53
3/12/2020,WI,8,84,,,92,55
3/12/2020,WV,0,7,,,7,54
3/12/2020,WY,1,,,,1,56
3/13/2020,AK,1,59,,,60,2
3/13/2020,AL,1,11,,,12,1
3/13/2020,AR,9,30,,,39,5
3/13/2020,AZ,9,94,0,,103,4
3/13/2020,CA,202,916,4,,1118,6
3/13/2020,CO,72,524,,,596,8
3/13/2020,CT,6,99,,,105,9
3/13/2020,DC,10,20,,,30,11
3/13/2020,DE,4,30,,,34,10
3/13/2020,FL,50,478,2,,528,12
3/13/2020,GA,42,,1,,42,13
3/13/2020,HI,2,,,,2,15
3/13/2020,IA,16,83,,,99,19
3/13/2020,ID,0,131,,,131,16
3/13/2020,IL,32,294,,,326,17
3/13/2020,IN,12,61,,,73,18
3/13/2020,KS,6,93,,,99,20
3/13/2020,KY,11,107,,,118,21
3/13/2020,LA,36,37,,,73,22
3/13/2020,MA,123,92,,,215,25
3/13/2020,MD,17,94,,,111,24
3/13/2020,ME,3,91,,,94,23
3/13/2020,MI,945,133,,,1078,26
3/13/2020,MN,14,541,,,555,27
3/13/2020,MO,2,71,,,73,29
3/13/2020,MS,4,41,,,45,28
3/13/2020,MT,1,55,,,56,30
3/13/2020,NC,15,86,,,101,37
3/13/2020,ND,1,39,0,,40,38
3/13/2020,NE,13,80,,,93,31
3/13/2020,NH,6,94,,,100,33
3/13/2020,NJ,50,97,1,,147,34
3/13/2020,NM,10,190,,,200,35
3/13/2020,NV,11,168,,,179,32
3/13/2020,NY,421,2779,,,3200,36
3/13/2020,OH,13,50,,,63,39
3/13/2020,OK,3,36,,,39,40
3/13/2020,OR,30,337,,,367,41
3/13/2020,PA,41,140,,,181,42
3/13/2020,RI,14,142,,,156,44
3/13/2020,SC,12,75,,,87,45
3/13/2020,SD,9,73,,,82,46
3/13/2020,TN,26,116,,,142,47
3/13/2020,TX,39,,,,39,48
3/13/2020,UT,6,131,,,137,49
3/13/2020,VA,30,117,,,147,51
3/13/2020,VT,2,142,,,144,50
3/13/2020,WA,693,4350,47,,5043,53
3/13/2020,WI,19,169,,,188,55
3/13/2020,WV,0,17,,,17,54
3/13/2020,WY,1,,,,1,56
3/14/2020,AK,1,143,,,144,2
3/14/2020,AL,6,22,,,28,1
3/14/2020,AR,12,65,,,77,5
3/14/2020,AZ,12,121,0,,133,4
3/14/2020,CA,252,916,5,,1168,6
3/14/2020,CO,101,610,1,,711,8
3/14/2020,CT,11,125,,,136,9
3/14/2020,DC,10,49,,,59,11
3/14/2020,DE,6,36,,,42,10
3/14/2020,FL,77,478,3,,555,12
3/14/2020,GA,66,,1,,66,13
3/14/2020,HI,2,,,,2,15
3/14/2020,IA,17,83,,,100,19
3/14/2020,ID,2,174,,,176,16
3/14/2020,IL,46,316,,,362,17
3/14/2020,IN,15,74,0,,89,18
3/14/2020,KS,6,93,1,,99,20
3/14/2020,KY,14,139,,,153,21
3/14/2020,LA,69,109,,,178,22
3/14/2020,MA,138,352,,,490,25
3/14/2020,MD,26,94,,,120,24
3/14/2020,ME,3,91,,,94,23
3/14/2020,MI,1196,205,,,1401,26
3/14/2020,MN,21,847,,,868,27
3/14/2020,MO,4,90,0,,94,29
3/14/2020,MS,6,84,,,90,28
3/14/2020,MT,5,103,,,108,30
3/14/2020,NC,23,137,,,160,37
3/14/2020,ND,1,54,0,,55,38
3/14/2020,NE,14,80,,,94,31
3/14/2020,NH,7,212,,,219,33
3/14/2020,NJ,50,97,1,,147,34
3/14/2020,NM,10,237,,,247,35
3/14/2020,NV,20,168,,,188,32
3/14/2020,NY,524,2779,,,3303,36
3/14/2020,OH,13,50,,,63,39
3/14/2020,OK,4,36,,,40,40
3/14/2020,OR,30,337,,,367,41
3/14/2020,PA,47,205,,,252,42
3/14/2020,RI,20,198,,,218,44
3/14/2020,SC,13,110,,,123,45
3/14/2020,SD,9,182,,,191,46
3/14/2020,TN,32,130,,,162,47
3/14/2020,TX,51,,,,51,48
3/14/2020,UT,6,131,,,137,49
3/14/2020,VA,30,117,,,147,51
3/14/2020,VT,4,227,,,231,50
3/14/2020,WA,793,6001,51,,6794,53
3/14/2020,WI,19,169,,,188,55
3/14/2020,WV,0,26,,,26,54
3/14/2020,WY,2,,,,2,56
3/15/2020,AK,1,143,,,144,2
3/15/2020,AL,12,28,0,,40,1
3/15/2020,AR,16,103,,,119,5
3/15/2020,AZ,12,121,0,,133,4
3/15/2020,CA,293,916,5,,1209,6
3/15/2020,CO,131,627,1,,758,8
3/15/2020,CT,20,125,,,145,9
3/15/2020,DC,16,79,,,95,11
3/15/2020,DE,6,36,,,42,10
3/15/2020,FL,116,678,4,,794,12
3/15/2020,GA,99,,1,,99,13
3/15/2020,HI,2,,,,2,15
3/15/2020,IA,18,83,,,101,19
3/15/2020,ID,5,174,,,179,16
3/15/2020,IL,64,449,,,513,17
3/15/2020,IN,19,102,0,,121,18
3/15/2020,KS,8,135,1,,143,20
3/15/2020,KY,16,139,,,155,21
3/15/2020,LA,91,156,2,,247,22
3/15/2020,MA,138,352,,,490,25
3/15/2020,MD,31,94,,,125,24
3/15/2020,ME,3,91,,,94,23
3/15/2020,MI,1480,205,,,1685,26
3/15/2020,MN,35,1387,,,1422,27
3/15/2020,MO,5,122,0,,127,29
3/15/2020,MS,10,84,,,94,28
3/15/2020,MT,7,103,,,110,30
3/15/2020,NC,32,227,,,259,37
3/15/2020,ND,1,95,0,,96,38
3/15/2020,NE,17,80,,,97,31
3/15/2020,NH,13,271,,,284,33
3/15/2020,NJ,98,120,2,,218,34
3/15/2020,NM,13,482,,,495,35
3/15/2020,NV,21,168,,,189,32
3/15/2020,NY,729,4543,3,,5272,36
3/15/2020,OH,36,139,,,175,39
3/15/2020,OK,9,118,,,127,40
3/15/2020,OR,36,420,,,456,41
3/15/2020,PA,63,205,,,268,42
3/15/2020,RI,20,271,,,291,44
3/15/2020,SC,19,154,,,173,45
3/15/2020,SD,9,327,,,336,46
3/15/2020,TN,39,157,,,196,47
3/15/2020,TX,56,,,,56,48
3/15/2020,UT,28,131,0,,159,49
3/15/2020,VA,45,363,1,,408,51
3/15/2020,VT,4,348,,,352,50
3/15/2020,WA,924,7122,56,,8046,53
3/15/2020,WI,33,313,,,346,55
3/15/2020,WV,0,38,0,,38,54
3/15/2020,WY,3,,,,3,56
3/16/2020,AK,1,143,,,144,2
3/16/2020,AL,28,28,0,,56,1
3/16/2020,AR,22,132,,,154,5
3/16/2020,AS,,,,,,60
3/16/2020,AZ,18,125,0,,143,4
3/16/2020,CA,335,7981,6,,8316,6
3/16/2020,CO,131,627,1,,758,8
3/16/2020,CT,26,125,,,151,9
3/16/2020,DC,17,96,,,113,11
3/16/2020,DE,8,36,,,44,10
3/16/2020,FL,141,684,4,,825,12
3/16/2020,GA,121,,1,,121,13
3/16/2020,GU,3,23,,,26,66
3/16/2020,HI,7,,,,7,15
3/16/2020,IA,22,83,,,105,19
3/16/2020,ID,5,265,,,270,16
3/16/2020,IL,93,932,,,1025,17
3/16/2020,IN,24,115,1,,139,18
3/16/2020,KS,11,166,1,,177,20
3/16/2020,KY,21,234,1,,255,21
3/16/2020,LA,114,188,2,,302,22
3/16/2020,MA,164,352,,,516,25
3/16/2020,MD,37,94,,,131,24
3/16/2020,ME,17,764,,,781,23
3/16/2020,MI,1933,272,,,2205,26
3/16/2020,MN,54,1839,,,1893,27
3/16/2020,MO,6,164,0,,170,29
3/16/2020,MP,0,,,,0,69
3/16/2020,MS,12,277,,,289,28
3/16/2020,MT,7,198,,,205,30
3/16/2020,NC,33,296,0,,329,37
3/16/2020,ND,1,123,0,,124,38
3/16/2020,NE,18,170,,,188,31
3/16/2020,NH,13,271,,,284,33
3/16/2020,NJ,178,120,2,,298,34
3/16/2020,NM,17,566,,,583,35
3/16/2020,NV,45,168,1,,213,32
3/16/2020,NY,950,4543,7,,5493,36
3/16/2020,OH,50,140,,,190,39
3/16/2020,OK,10,174,,,184,40
3/16/2020,OR,39,579,,,618,41
3/16/2020,PA,76,670,,,746,42
3/16/2020,PR,5,9,,,14,72
3/16/2020,RI,21,308,,,329,44
3/16/2020,SC,28,235,1,,263,45
3/16/2020,SD,10,494,,,504,46
3/16/2020,TN,52,270,,,322,47
3/16/2020,TX,57,,,,57,48
3/16/2020,UT,39,131,0,,170,49
3/16/2020,VA,51,438,1,,489,51
3/16/2020,VI,1,,,,1,78
3/16/2020,VT,8,421,,,429,50
3/16/2020,WA,1052,9451,68,,10503,53
3/16/2020,WI,47,504,,,551,55
3/16/2020,WV,0,80,0,,80,54
3/16/2020,WY,3,,,,3,56
3/17/2020,AK,3,334,,,337,2
3/17/2020,AL,36,28,0,,64,1
3/17/2020,AR,22,197,,,219,5
3/17/2020,AS,,,,,,60
3/17/2020,AZ,20,142,0,,162,4
3/17/2020,CA,483,7981,11,,8464,6
3/17/2020,CO,160,1056,1,,1216,8
3/17/2020,CT,41,125,,,166,9
3/17/2020,DC,22,104,,,126,11
3/17/2020,DE,16,36,,,52,10
3/17/2020,FL,186,940,6,,1126,12
3/17/2020,GA,146,,1,,146,13
3/17/2020,GU,5,41,,,46,66
3/17/2020,HI,10,,,,10,15
3/17/2020,IA,23,83,,,106,19
3/17/2020,ID,7,346,,,353,16
3/17/2020,IL,159,1340,1,,1499,17
3/17/2020,IN,30,129,2,,159,18
3/17/2020,KS,15,382,1,,397,20
3/17/2020,KY,22,295,1,,317,21
3/17/2020,LA,171,286,4,,457,22
3/17/2020,MA,218,1541,,,1759,25
3/17/2020,MD,57,94,,,151,24
3/17/2020,ME,32,1303,,,1335,23
3/17/2020,MI,2393,626,,,3019,26
3/17/2020,MN,60,2276,,,2336,27
3/17/2020,MO,8,207,0,,215,29
3/17/2020,MP,0,,,,0,69
3/17/2020,MS,21,368,,,389,28
3/17/2020,MT,8,303,,,311,30
3/17/2020,NC,40,474,0,,514,37
3/17/2020,ND,3,220,0,,223,38
3/17/2020,NE,21,206,,,227,31
3/17/2020,NH,17,355,,,372,33
3/17/2020,NJ,267,163,3,,430,34
3/17/2020,NM,23,1249,,,1272,35
3/17/2020,NV,55,168,1,,223,32
3/17/2020,NY,1700,5506,7,,7206,36
3/17/2020,OH,67,140,,,207,39
3/17/2020,OK,17,247,,,264,40
3/17/2020,OR,47,689,,,736,41
3/17/2020,PA,96,879,,,975,42
3/17/2020,PR,5,13,,,18,72
3/17/2020,RI,23,403,,,426,44
3/17/2020,SC,33,311,1,,344,45
3/17/2020,SD,11,551,,,562,46
3/17/2020,TN,73,330,,,403,47
3/17/2020,TX,64,1204,1,,1268,48
3/17/2020,UT,51,131,0,,182,49
3/17/2020,VA,67,961,1,,1028,51
3/17/2020,VI,2,,,,2,78
3/17/2020,VT,10,495,,,505,50
3/17/2020,WA,1218,11582,77,,12800,53
3/17/2020,WI,72,1038,,,1110,55
3/17/2020,WV,0,80,0,,80,54
3/17/2020,WY,10,95,,,105,56
3/18/2020,AK,6,406,,,412,2
3/18/2020,AL,46,28,0,,74,1
3/18/2020,AR,33,236,,,269,5
3/18/2020,AS,,,0,,0,60
3/18/2020,AZ,28,148,0,,176,4
3/18/2020,CA,611,7981,13,,8592,6
3/18/2020,CO,183,1617,2,,1800,8
3/18/2020,CT,68,125,,,193,9
3/18/2020,DC,31,138,,,169,11
3/18/2020,DE,25,36,,,61,10
3/18/2020,FL,314,1225,7,,1539,12
3/18/2020,GA,197,1311,1,,1508,13
3/18/2020,GU,8,57,,,65,66
3/18/2020,HI,14,93,,,107,15
3/18/2020,IA,29,83,,,112,19
3/18/2020,ID,9,459,,,468,16
3/18/2020,IL,288,1763,1,,2051,17
3/18/2020,IN,39,154,2,,193,18
3/18/2020,KS,16,417,1,,433,20
3/18/2020,KY,26,354,1,,380,21
3/18/2020,LA,240,335,6,,575,22
3/18/2020,MA,256,2015,,,2271,25
3/18/2020,MD,85,94,,,179,24
3/18/2020,ME,43,1670,,,1713,23
3/18/2020,MI,2913,1215,,,4128,26
3/18/2020,MN,77,2685,,,2762,27
3/18/2020,MO,13,253,0,,266,29
3/18/2020,MP,0,,0,,0,69
3/18/2020,MS,34,479,,,513,28
3/18/2020,MT,10,499,,,509,30
3/18/2020,NC,63,1787,0,,1850,37
3/18/2020,ND,6,268,0,,274,38
3/18/2020,NE,24,206,,,230,31
3/18/2020,NH,26,513,,,539,33
3/18/2020,NJ,427,190,5,,617,34
3/18/2020,NM,28,2326,,,2354,35
3/18/2020,NV,55,168,1,,223,32
3/18/2020,NY,2382,12215,12,,14597,36
3/18/2020,OH,88,140,,,228,39
3/18/2020,OK,29,378,,,407,40
3/18/2020,OR,75,1118,3,,1193,41
3/18/2020,PA,133,1187,1,,1320,42
3/18/2020,PR,5,31,,,36,72
3/18/2020,RI,33,540,,,573,44
3/18/2020,SC,60,583,1,,643,45
3/18/2020,SD,11,551,1,,562,46
3/18/2020,TN,98,349,,,447,47
3/18/2020,TX,83,1824,2,,1907,48
3/18/2020,UT,63,131,0,,194,49
3/18/2020,VA,77,1201,1,,1278,51
3/18/2020,VI,2,,,,2,78
3/18/2020,VT,19,592,,,611,50
3/18/2020,WA,1388,13117,81,,14505,53
3/18/2020,WI,106,1577,,,1683,55
3/18/2020,WV,1,122,0,,123,54
3/18/2020,WY,15,178,,,193,56
3/19/2020,AK,6,432,,,438,2
3/19/2020,AL,68,28,0,,96,1
3/19/2020,AR,46,310,,,356,5
3/19/2020,AS,,,0,,0,60
3/19/2020,AZ,44,175,0,,219,4
3/19/2020,CA,924,8787,18,,9711,6
3/19/2020,CO,216,2112,2,,2328,8
3/19/2020,CT,96,604,1,,700,9
3/19/2020,DC,39,153,0,,192,11
3/19/2020,DE,30,36,0,,66,10
3/19/2020,FL,390,1533,8,,1923,12
3/19/2020,GA,287,1544,10,,1831,13
3/19/2020,GU,12,69,,,81,66
3/19/2020,HI,16,93,,,109,15
3/19/2020,IA,38,83,,,121,19
3/19/2020,ID,11,459,,,470,16
3/19/2020,IL,422,2725,4,,3147,17
3/19/2020,IN,56,324,2,,380,18
3/19/2020,KS,34,417,1,,451,20
3/19/2020,KY,35,454,1,,489,21
3/19/2020,LA,347,458,8,,805,22
3/19/2020,MA,328,2804,,,3132,25
3/19/2020,MD,107,94,1,,201,24
3/19/2020,ME,53,2004,,,2057,23
3/19/2020,MI,3392,1785,3,,5177,26
3/19/2020,MN,89,2949,,,3038,27
3/19/2020,MO,24,308,1,,332,29
3/19/2020,MP,0,,0,,0,69
3/19/2020,MS,50,552,,,602,28
3/19/2020,MT,12,761,,,773,30
3/19/2020,NC,97,2408,0,,2505,37
3/19/2020,ND,15,493,0,,508,38
3/19/2020,NE,27,240,0,,267,31
3/19/2020,NH,39,621,,,660,33
3/19/2020,NJ,742,210,9,,952,34
3/19/2020,NM,35,2762,,,2797,35
3/19/2020,NV,95,1626,1,,1721,32
3/19/2020,NY,4152,18132,12,,22284,36
3/19/2020,OH,119,140,,,259,39
3/19/2020,OK,44,466,1,,510,40
3/19/2020,OR,88,1329,3,,1417,41
3/19/2020,PA,185,1608,1,,1793,42
3/19/2020,PR,5,56,,,61,72
3/19/2020,RI,44,654,,,698,44
3/19/2020,SC,60,583,1,,643,45
3/19/2020,SD,11,551,1,,562,46
3/19/2020,TN,154,349,,,503,47
3/19/2020,TX,143,2212,3,,2355,48
3/19/2020,UT,78,1448,0,,1526,49
3/19/2020,VA,94,1829,2,,1923,51
3/19/2020,VI,3,,,,3,78
3/19/2020,VT,22,645,,,667,50
3/19/2020,WA,1535,15918,91,,17453,53
3/19/2020,WI,155,2192,,,2347,55
3/19/2020,WV,2,143,0,,145,54
3/19/2020,WY,18,271,,,289,56
3/20/2020,AK,12,686,,,698,2
3/20/2020,AL,81,28,0,,109,1
3/20/2020,AR,96,351,,,447,5
3/20/2020,AS,,,0,,0,60
3/20/2020,AZ,65,211,0,,276,4
3/20/2020,CA,1063,10424,20,,11487,6
3/20/2020,CO,277,2675,3,,2952,8
3/20/2020,CT,194,604,3,,798,9
3/20/2020,DC,71,501,1,,572,11
3/20/2020,DE,38,36,0,,74,10
3/20/2020,FL,520,1870,10,,2390,12
3/20/2020,GA,420,1966,13,,2386,13
3/20/2020,GU,14,86,,,100,66
3/20/2020,HI,26,124,,,150,15
3/20/2020,IA,45,642,,,687,19
3/20/2020,ID,23,590,,,613,16
3/20/2020,IL,585,3696,5,,4281,17
3/20/2020,IN,79,475,2,,554,18
3/20/2020,KS,44,417,1,,461,20
3/20/2020,KY,47,592,1,,639,21
3/20/2020,LA,479,568,12,,1047,22
3/20/2020,MA,413,3678,1,,4091,25
3/20/2020,MD,149,94,1,,243,24
3/20/2020,ME,57,2264,,,2321,23
3/20/2020,MI,4027,2746,3,,6773,26
3/20/2020,MN,115,3741,,,3856,27
3/20/2020,MO,47,369,1,,416,29
3/20/2020,MP,0,,0,,0,69
3/20/2020,MS,80,695,1,,775,28
3/20/2020,MT,16,931,,,947,30
3/20/2020,NC,137,3096,0,,3233,37
3/20/2020,ND,20,800,0,,820,38
3/20/2020,NE,32,240,0,,272,31
3/20/2020,NH,44,745,,,789,33
3/20/2020,NJ,890,264,11,,1154,34
3/20/2020,NM,43,3771,,,3814,35
3/20/2020,NV,109,1992,1,,2101,32
3/20/2020,NY,7102,25325,35,,32427,36
3/20/2020,OH,169,140,1,,309,39
3/20/2020,OK,49,538,1,,587,40
3/20/2020,OR,114,2003,3,,2117,41
3/20/2020,PA,268,2574,1,,2842,42
3/20/2020,PR,14,114,,,128,72
3/20/2020,RI,54,800,,,854,44
3/20/2020,SC,81,833,1,,914,45
3/20/2020,SD,14,663,1,,677,46
3/20/2020,TN,228,563,,,791,47
3/20/2020,TX,194,5083,5,,5277,48
3/20/2020,UT,112,2035,0,,2147,49
3/20/2020,VA,114,2211,2,,2325,51
3/20/2020,VI,3,,,,3,78
3/20/2020,VT,29,779,2,,808,50
3/20/2020,WA,1773,19336,102,,21109,53
3/20/2020,WI,206,3455,3,,3661,55
3/20/2020,WV,7,219,0,,226,54
3/20/2020,WY,19,331,,,350,56
3/21/2020,AK,14,758,,0,772,2
3/21/2020,AL,124,28,0,,152,1
3/21/2020,AR,118,567,,,685,5
3/21/2020,AS,,,0,,0,60
3/21/2020,AZ,104,240,1,,344,4
3/21/2020,CA,1279,11249,24,,12528,6
3/21/2020,CO,363,3317,4,44,3680,8
3/21/2020,CT,194,2106,4,,2300,9
3/21/2020,DC,77,506,1,,583,11
3/21/2020,DE,45,36,0,,81,10
3/21/2020,FL,658,6579,12,158,7237,12
3/21/2020,GA,507,2557,14,,3064,13
3/21/2020,GU,15,108,,,123,66
3/21/2020,HI,37,124,,,161,15
3/21/2020,IA,68,1049,,,1117,19
3/21/2020,ID,31,880,,,911,16
3/21/2020,IL,753,5488,6,,6241,17
3/21/2020,IN,126,707,4,1,833,18
3/21/2020,KS,55,417,2,,472,20
3/21/2020,KY,54,714,2,,768,21
3/21/2020,LA,585,2180,16,,2765,22
3/21/2020,MA,525,4752,1,61,5277,25
3/21/2020,MD,190,94,2,,284,24
3/21/2020,ME,73,2264,,,2337,23
3/21/2020,MI,4543,3696,5,,8239,26
3/21/2020,MN,138,3952,1,,4090,27
3/21/2020,MO,73,369,3,,442,29
3/21/2020,MP,0,,0,,0,69
3/21/2020,MS,140,695,1,,835,28
3/21/2020,MT,20,1146,,,1166,30
3/21/2020,NC,184,5092,0,,5276,37
3/21/2020,ND,28,1141,0,3,1169,38
3/21/2020,NE,38,356,0,,394,31
3/21/2020,NH,55,973,,,1028,33
3/21/2020,NJ,1327,294,16,,1621,34
3/21/2020,NM,57,3771,,,3828,35
3/21/2020,NV,124,2384,2,,2508,32
3/21/2020,NY,10356,35081,44,1603,45437,36
3/21/2020,OH,247,140,3,58,387,39
3/21/2020,OK,53,560,1,10,613,40
3/21/2020,OR,114,2003,3,,2117,41
3/21/2020,PA,371,3766,2,,4137,42
3/21/2020,PR,21,143,,,164,72
3/21/2020,RI,66,862,,,928,44
3/21/2020,SC,152,1255,1,,1407,45
3/21/2020,SD,14,691,1,,705,46
3/21/2020,TN,371,3272,,,3643,47
3/21/2020,TX,304,6218,5,,6522,48
3/21/2020,UT,136,2424,0,,2560,49
3/21/2020,VA,152,2638,2,25,2790,51
3/21/2020,VI,6,,,,6,78
3/21/2020,VT,29,779,2,,808,50
3/21/2020,WA,2006,21719,108,,23725,53
3/21/2020,WI,281,4628,4,,4909,55
3/21/2020,WV,11,330,0,1,341,54
3/21/2020,WY,23,438,,,461,56
3/22/2020,AK,22,946,,0,968,2
3/22/2020,AL,138,1464,0,,1602,1
3/22/2020,AR,165,711,0,,876,5
3/22/2020,AS,,,0,,0,60
3/22/2020,AZ,152,282,2,,434,4
3/22/2020,CA,1536,11304,27,,12840,6
3/22/2020,CO,475,4075,5,49,4550,8
3/22/2020,CT,223,2877,5,,3100,9
3/22/2020,DC,98,957,1,,1055,11
3/22/2020,DE,56,36,0,,92,10
3/22/2020,FL,830,7990,13,185,8820,12
3/22/2020,GA,600,3420,23,,4020,13
3/22/2020,GU,27,126,1,,153,66
3/22/2020,HI,48,263,,,311,15
3/22/2020,IA,90,1215,,,1305,19
3/22/2020,ID,42,1175,0,,1217,16
3/22/2020,IL,1049,7271,9,,8320,17
3/22/2020,IN,201,1293,6,1,1494,18
3/22/2020,KS,64,417,2,,481,20
3/22/2020,KY,99,1472,3,,1571,21
3/22/2020,LA,837,2661,20,,3498,22
3/22/2020,MA,646,5459,5,71,6105,25
3/22/2020,MD,244,94,3,,338,24
3/22/2020,ME,89,2264,,,2353,23
3/22/2020,MI,5098,3712,8,,8810,26
3/22/2020,MN,169,4511,1,12,4680,27
3/22/2020,MO,90,369,3,,459,29
3/22/2020,MP,0,,0,,0,69
3/22/2020,MS,207,1114,1,33,1321,28
3/22/2020,MT,31,1146,,,1177,30
3/22/2020,NC,255,6183,0,,6438,37
3/22/2020,ND,28,1260,0,3,1288,38
3/22/2020,NE,48,356,0,,404,31
3/22/2020,NH,65,1188,,,1253,33
3/22/2020,NJ,1914,327,20,,2241,34
3/22/2020,NM,57,4722,,,4779,35
3/22/2020,NV,190,2448,2,,2638,32
3/22/2020,NY,15168,46233,114,1974,61401,36
3/22/2020,OH,351,140,3,83,491,39
3/22/2020,OK,67,669,2,11,736,40
3/22/2020,OR,161,2864,4,43,3025,41
3/22/2020,PA,479,4964,2,,5443,42
3/22/2020,PR,23,183,,,206,72
3/22/2020,RI,83,932,,,1015,44
3/22/2020,SC,195,1466,3,,1661,45
3/22/2020,SD,21,740,1,,761,46
3/22/2020,TN,505,3272,,,3777,47
3/22/2020,TX,334,8422,5,,8756,48
3/22/2020,UT,181,3508,1,,3689,49
3/22/2020,VA,219,3118,3,32,3337,51
3/22/2020,VI,6,,,,6,78
3/22/2020,VT,52,1106,2,,1158,50
3/22/2020,WA,2242,25328,122,,27570,53
3/22/2020,WI,385,6230,4,,6615,55
3/22/2020,WV,12,385,0,1,397,54
3/22/2020,WY,24,438,,,462,56
3/23/2020,AK,22,946,,0,968,2
3/23/2020,AL,167,1665,0,,1832,1
3/23/2020,AR,174,906,0,,1080,5
3/23/2020,AS,,,0,,0,60
3/23/2020,AZ,265,309,2,,574,4
3/23/2020,CA,1733,12567,27,,14300,6
3/23/2020,CO,591,4845,6,58,5436,8
3/23/2020,CT,415,4085,10,,4500,9
3/23/2020,DC,116,1113,2,,1229,11
3/23/2020,DE,68,36,0,,104,10
3/23/2020,FL,1171,11063,14,217,12234,12
3/23/2020,GA,772,4297,25,,5069,13
3/23/2020,GU,29,161,1,,190,66
3/23/2020,HI,56,2955,,,3011,15
3/23/2020,IA,105,2043,,,2148,19
3/23/2020,ID,47,1309,0,,1356,16
3/23/2020,IL,1273,8583,12,,9856,17
3/23/2020,IN,259,1701,7,1,1960,18
3/23/2020,KS,82,417,2,,499,20
3/23/2020,KY,104,1762,3,,1866,21
3/23/2020,LA,1172,4776,34,,5948,22
3/23/2020,MA,777,8145,9,79,8922,25
3/23/2020,MD,288,94,3,,382,24
3/23/2020,ME,107,2791,,,2898,23
3/23/2020,MI,5789,4697,15,,10486,26
3/23/2020,MN,235,4511,1,17,4746,27
3/23/2020,MO,183,369,3,,552,29
3/23/2020,MP,0,,0,,0,69
3/23/2020,MS,249,1143,1,33,1392,28
3/23/2020,MT,34,1146,,,1180,30
3/23/2020,NC,297,8141,0,,8438,37
3/23/2020,ND,30,1353,0,4,1383,38
3/23/2020,NE,50,356,0,,406,31
3/23/2020,NH,78,1374,,,1452,33
3/23/2020,NJ,2844,359,27,,3203,34
3/23/2020,NM,65,5321,,,5386,35
3/23/2020,NV,245,3490,4,,3735,32
3/23/2020,NY,20875,57414,114,2635,78289,36
3/23/2020,OH,442,140,6,104,582,39
3/23/2020,OK,81,694,2,15,775,40
3/23/2020,OR,191,3649,5,56,3840,41
3/23/2020,PA,644,6595,6,,7239,42
3/23/2020,PR,31,189,2,,220,72
3/23/2020,RI,106,1143,,,1249,44
3/23/2020,SC,298,1466,5,,1764,45
3/23/2020,SD,28,762,1,,790,46
3/23/2020,TN,615,3272,2,,3887,47
3/23/2020,TX,352,9703,8,,10055,48
3/23/2020,UT,257,4790,1,,5047,49
3/23/2020,VA,254,3443,6,38,3697,51
3/23/2020,VI,17,,,,17,78
3/23/2020,VT,75,1106,5,,1181,50
3/23/2020,WA,2450,28879,133,,31329,53
3/23/2020,WI,416,7050,5,,7466,55
3/23/2020,WV,16,444,0,1,460,54
3/23/2020,WY,26,592,,,618,56
3/24/2020,AK,36,986,,0,1022,2
3/24/2020,AL,215,2106,0,,2321,1
3/24/2020,AR,218,947,0,,1165,5
3/24/2020,AS,,,0,,0,60
3/24/2020,AZ,357,313,5,,670,4
3/24/2020,CA,2102,13452,40,,15554,6
3/24/2020,CO,720,5504,7,72,6224,8
3/24/2020,CT,618,4682,12,,5300,9
3/24/2020,DC,137,1195,2,,1332,11
3/24/2020,DE,91,36,0,,127,10
3/24/2020,FL,1412,13127,18,259,14539,12
3/24/2020,GA,1026,4458,32,,5484,13
3/24/2020,GU,32,201,1,,233,66
3/24/2020,HI,77,3589,,4,3666,15
3/24/2020,IA,124,2315,,27,2439,19
3/24/2020,ID,50,1887,0,,1937,16
3/24/2020,IL,1535,9934,16,,11469,17
3/24/2020,IN,365,2566,12,1,2931,18
3/24/2020,KS,98,2086,2,,2184,20
3/24/2020,KY,124,1762,4,,1886,21
3/24/2020,LA,1388,7215,46,,8603,22
3/24/2020,MA,1159,12590,11,94,13749,25
3/24/2020,MD,349,94,3,,443,24
3/24/2020,ME,125,3014,,,3139,23
3/24/2020,MI,6441,5796,24,,12237,26
3/24/2020,MN,262,5550,1,21,5812,27
3/24/2020,MO,183,369,3,,552,29
3/24/2020,MP,0,,0,,0,69
3/24/2020,MS,320,1552,1,86,1872,28
3/24/2020,MT,46,1643,,,1689,30
3/24/2020,NC,398,8141,0,,8539,37
3/24/2020,ND,34,1454,0,5,1488,38
3/24/2020,NE,52,975,0,,1027,31
3/24/2020,NH,101,1447,1,11,1548,33
3/24/2020,NJ,3675,8325,44,,12000,34
3/24/2020,NM,83,5890,,,5973,35
3/24/2020,NV,278,3954,4,,4232,32
3/24/2020,NY,25665,65605,210,3234,91270,36
3/24/2020,OH,564,140,8,145,704,39
3/24/2020,OK,106,735,3,25,841,40
3/24/2020,OR,209,4350,8,61,4559,41
3/24/2020,PA,851,8643,7,,9494,42
3/24/2020,PR,39,268,2,,307,72
3/24/2020,RI,124,1200,,,1324,44
3/24/2020,SC,298,2012,5,,2310,45
3/24/2020,SD,30,790,1,,820,46
3/24/2020,TN,667,10517,2,,11184,47
3/24/2020,TX,410,10757,9,,11167,48
3/24/2020,UT,299,5524,1,,5823,49
3/24/2020,VA,290,4180,7,45,4470,51
3/24/2020,VI,17,,,,17,78
3/24/2020,VT,95,1440,7,,1535,50
3/24/2020,WA,2823,31712,142,,34535,53
3/24/2020,WI,457,8237,5,,8694,55
3/24/2020,WV,20,610,0,1,630,54
3/24/2020,WY,29,710,,,739,56
